{
    "plugins": [
        "-sharing",
        "-search"
    ],
    "pluginsConfig": {
        "disqus": {
            "shortName": "gradleuserguide"
        }
    },
    "gitbook": ">=2.0.0",
    "title": "Gradle用户指南",
    "info": {
        "name": "gradle-user-guide",
        "name_cn": "Gradle用户指南",
        "md5": "71fc5dfa91baa65440f80d6740490337",
        "icon_url": "http://emanualresource.github.io/resource/icons/docker.png",
        "url": "http://emanualresource.github.io/book-docker-practice/dist/book.zip",
        "author": "DONGChuan",
        "homepage": "https://github.com/DONGChuan/GradleUserGuide.git",
        "maintainers": [
            {
                "name": "Jayin Ton",
                "email": "tonjayin@gmail.com"
            }
        ]
    }
}
